{"cameraMode":{"drawMode":0,"name":"Shaded","section":"Shading Mode"},"sceneLighting":true,"audioPlay":false,"sceneViewState":{"showFog":true,"showMaterialUpdate":false,"showSkybox":true,"showFlares":true,"showImageEffects":true,"showParticleSystems":true},"in2DMode":false,"pivot":{"x":0.6528967618942261,"y":-0.4215099811553955,"z":1.5171387195587159},"rotation":{"x":0.25532135367393496,"y":0.3389107584953308,"z":-0.0960986390709877,"w":0.9004009962081909},"size":2.9372105598449709,"orthographic":false}