{"cameraMode":{"drawMode":0,"name":"Shaded","section":"Shading Mode"},"sceneLighting":true,"audioPlay":false,"sceneViewState":{"showFog":true,"showMaterialUpdate":false,"showSkybox":true,"showFlares":true,"showImageEffects":true,"showParticleSystems":true},"in2DMode":false,"pivot":{"x":8.969563484191895,"y":27.619142532348634,"z":202.71182250976563},"rotation":{"x":0.35069701075553896,"y":-0.5618121027946472,"z":0.2841952443122864,"w":0.6933087110519409},"size":549.821533203125,"orthographic":false}