{"cameraMode":{"drawMode":0,"name":"Shaded","section":"Shading Mode"},"sceneLighting":true,"audioPlay":false,"sceneViewState":{"showFog":true,"showMaterialUpdate":false,"showSkybox":true,"showFlares":true,"showImageEffects":true,"showParticleSystems":true},"in2DMode":false,"pivot":{"x":-0.3891768455505371,"y":-1.5561738014221192,"z":-0.24525833129882813},"rotation":{"x":0.014373034238815308,"y":-0.9667362570762634,"z":0.24922797083854676,"w":0.055752601474523547},"size":8.224931716918946,"orthographic":false}